Country,Country Code,Year,GDP (USD),Inflation (%),Unemployment (%)
Australia,AUS,1974,88965364775.2395,15.4166666666666,
Australia,AUS,1975,97304383449.406,15.1624548736462,
Australia,AUS,1976,105060616984.856,13.3228840125392,
Australia,AUS,1977,110352144987.382,12.3098201936376,
Australia,AUS,1978,118492761338.464,8.0049261083744,
Australia,AUS,1979,134900602067.477,9.12200684150515,
Australia,AUS,1980,149987743732.591,10.1358411703239,
Australia,AUS,1981,176895390688.494,9.48766603415561,
Australia,AUS,1982,194041708043.694,11.3518197573657,
Australia,AUS,1983,177267290706.228,10.0389105058366,
Australia,AUS,1984,193525337525.765,3.96039603960396,
Australia,AUS,1985,180643265927.279,6.734693877551,
Australia,AUS,1986,182481113598.209,9.05035054174634,
Australia,AUS,1987,189495764955.003,8.53302162478083,
Australia,AUS,1988,236161314544.153,7.21593968766828,
Australia,AUS,1989,299875906679.217,7.53390256152688,
Australia,AUS,1990,311426665219.971,7.33302195235872,
Australia,AUS,1991,325975319455.531,3.17667536988685,9.586
Australia,AUS,1992,325525379566.838,1.01223112610714,10.733
Australia,AUS,1993,312133923552.558,1.75365344467641,10.879
Australia,AUS,1994,322806641300.588,1.96963479688141,9.724
Australia,AUS,1995,368166023166.023,4.62776659959759,8.473
Australia,AUS,1996,401341880620.728,2.61538461538461,8.509
Australia,AUS,1997,435642611296.586,0.224887556221887,8.367
Australia,AUS,1998,399674421759.479,0.860134629768142,7.684
Australia,AUS,1999,389652212056.649,1.48312940304041,6.876
Australia,AUS,2000,416167815092.908,4.45743514797224,6.288
Australia,AUS,2001,379629301675.108,4.40713536201469,6.747
Australia,AUS,2002,395788696012.059,2.98157453936348,6.375
Australia,AUS,2003,467739079790.332,2.73259596616786,5.933
Australia,AUS,2004,614659980082.515,2.34325522482583,5.399
Australia,AUS,2005,695692898676.56,2.69183168316832,5.036
Australia,AUS,2006,748417562769.636,3.55528773727026,4.785
Australia,AUS,2007,855007458585.224,2.32761128891476,4.381
Australia,AUS,2008,1056112427190.38,4.35029854990048,4.242
Australia,AUS,2009,928762122698.05,1.77111716621254,5.565
Australia,AUS,2010,1148838233480.72,2.91834002677376,5.214
Australia,AUS,2011,1398610616772.97,3.3038501560874,5.083
Australia,AUS,2012,1547532281116.4,1.76278015613196,5.225
Australia,AUS,2013,1577123329410.88,2.4498886414254,5.663
Australia,AUS,2014,1468265356427.76,2.48792270531404,6.078
Australia,AUS,2015,1351296372254.31,1.50836672165921,6.055
Australia,AUS,2016,1206836962281.84,1.27699094497324,5.711
Australia,AUS,2017,1325582658156.54,1.94864740944527,5.592
Australia,AUS,2018,1427809041019.44,1.91140094445691,5.3
Australia,AUS,2019,1392723834562.64,1.61076787290379,5.159
Australia,AUS,2020,1328414058378.38,0.846905537459305,6.456
Australia,AUS,2021,1556735770437.26,2.86391042204994,5.116
Australia,AUS,2022,1690858246994.43,6.59409671341846,3.728
Australia,AUS,2023,1728057316695.61,5.5970149253731,3.668
Brazil,BRA,1974,109794519727.538,,
Brazil,BRA,1975,129203555238.827,,
Brazil,BRA,1976,153168949208.207,,
Brazil,BRA,1977,176344101401.941,,
Brazil,BRA,1978,200278646123.581,,
Brazil,BRA,1979,221338204480.222,,
Brazil,BRA,1980,237393489892.637,,
Brazil,BRA,1981,258015174748.648,101.725072957927,
Brazil,BRA,1982,271314113768.417,100.54335919485,
Brazil,BRA,1983,189656506321.431,135.027682230473,
Brazil,BRA,1984,188339974086.58,192.121733132051,
Brazil,BRA,1985,210879844638.877,225.989665211895,
Brazil,BRA,1986,256480852471.129,147.142826237604,
Brazil,BRA,1987,283056836893.838,228.336162575513,
Brazil,BRA,1988,307881930752.268,629.114509120897,
Brazil,BRA,1989,412990820287.42,1430.7237251472,
Brazil,BRA,1990,464989098144.854,2947.732772483,
Brazil,BRA,1991,342534090909.091,432.786661926461,6.894
Brazil,BRA,1992,328191909882.232,951.962053052818,7.086
Brazil,BRA,1993,368292034380.96,1927.38079016026,6.03
Brazil,BRA,1994,525369467295.737,2075.88839757325,6.578
Brazil,BRA,1995,769333050986.905,66.0070335542481,7.092
Brazil,BRA,1996,850426432991.742,15.7576656002606,8.035
Brazil,BRA,1997,883206179730.462,6.92671251629154,9.003
Brazil,BRA,1998,863710759256.435,3.19507629280052,10.15
Brazil,BRA,1999,599642024319.531,4.85844749902667,11.125
Brazil,BRA,2000,655448231983.527,7.04414105947266,10.889
Brazil,BRA,2001,559983634798.981,6.84035902487523,10.649
Brazil,BRA,2002,509795273806.715,8.45016437708331,10.641
Brazil,BRA,2003,558233745651.874,14.7149197228147,11.168
Brazil,BRA,2004,669289424806.307,6.59718509985963,10.072
Brazil,BRA,2005,891633839853.105,6.86953720898964,10.551
Brazil,BRA,2006,1107626541710.74,4.18356812896909,9.692
Brazil,BRA,2007,1397114486471.38,3.64127299102652,9.28
Brazil,BRA,2008,1695855083552.05,5.67859390284168,8.268
Brazil,BRA,2009,1666996438681.46,4.88803479876799,9.419
Brazil,BRA,2010,2208837745214.23,5.03872690108075,8.422
Brazil,BRA,2011,2616156223977.47,6.6364496221309,7.578
Brazil,BRA,2012,2465227803011.57,5.40349914036997,7.251
Brazil,BRA,2013,2472819535742.73,6.20431066640101,7.071
Brazil,BRA,2014,2456043727198.85,6.32904015516139,6.755
Brazil,BRA,2015,1802212206904.68,9.02990102416136,8.538
Brazil,BRA,2016,1795693482652.52,8.73914352329393,11.58
Brazil,BRA,2017,2063514977334.32,3.44637335032669,12.792
Brazil,BRA,2018,1916933898038.36,3.66485028376729,12.329
Brazil,BRA,2019,1873288205186.45,3.73297621216894,11.936
Brazil,BRA,2020,1476107231194.11,3.21176803803376,13.697
Brazil,BRA,2021,1670647399034.67,8.30165975585673,13.158
Brazil,BRA,2022,1951923942083.32,9.28010608956873,9.231
Brazil,BRA,2023,2173665655937.27,4.59356282283204,7.947
Canada,CAN,1974,160949188139.059,10.997171145686,
Canada,CAN,1975,174419757176.563,10.672188595094,
Canada,CAN,1976,207271612576.065,7.54173862982148,
Canada,CAN,1977,212325176304.654,7.9764453961457,
Canada,CAN,1978,219369542386.254,8.97372335151214,
Canada,CAN,1979,243891124295.715,9.14467697907181,
Canada,CAN,1980,274776566028.053,10.1292205085453,
Canada,CAN,1981,307246642755.859,12.4716124148372,
Canada,CAN,1982,314647807408.608,10.7689718997139,
Canada,CAN,1983,341866277182.733,5.86358802977368,
Canada,CAN,1984,356718400123.543,4.30477830391737,
Canada,CAN,1985,366186012449.652,3.96203054065205,
Canada,CAN,1986,379006836991.724,4.19478629085621,
Canada,CAN,1987,433134238310.709,4.3561087122174,
Canada,CAN,1988,509380027626.554,4.02823414871611,
Canada,CAN,1989,567211993243.243,4.98362189985958,
Canada,CAN,1990,596075591360.987,4.78047693336304,
Canada,CAN,1991,612527712315.615,5.62586408593005,10.316
Canada,CAN,1992,594387358318.855,1.49013290374545,11.197
Canada,CAN,1993,579053561739.4,1.86507936507939,11.377
Canada,CAN,1994,579944346807.264,0.165562913907291,10.395
Canada,CAN,1995,605961090061.207,2.14876033057849,9.489
Canada,CAN,1996,630607994132.747,1.57053112507138,9.62
Canada,CAN,1997,654986999855.554,1.62121638084531,9.1
Canada,CAN,1998,634000000000.0,0.99594245665802,8.278
Canada,CAN,1999,678412196271.118,1.73484295105918,7.583
Canada,CAN,2000,744773415931.587,2.71943995691976,6.829
Canada,CAN,2001,738981792355.372,2.52512013979906,7.219
Canada,CAN,2002,760649334098.005,2.25839440940855,7.665
Canada,CAN,2003,895540646634.787,2.75856321360112,7.574
Canada,CAN,2004,1026690238278.25,1.85725871857256,7.185
Canada,CAN,2005,1173108598778.68,2.21355203439767,6.758
Canada,CAN,2006,1319264809590.97,2.00202539534161,6.484
Canada,CAN,2007,1468820407783.26,2.13838399266837,6.156
Canada,CAN,2008,1552989690721.65,2.37027067444299,6.284
Canada,CAN,2009,1374625142157.29,0.299466803009299,8.46
Canada,CAN,2010,1617343367486.26,1.77687154092627,8.178
Canada,CAN,2011,1793326630174.52,2.91213508872351,7.637
Canada,CAN,2012,1828366481521.6,1.51567823124517,7.392
Canada,CAN,2013,1846597421834.98,0.938291897815317,7.143
Canada,CAN,2014,1805749878439.94,1.90663590717861,7.023
Canada,CAN,2015,1556508816217.14,1.12524136094277,6.945
Canada,CAN,2016,1527994741907.43,1.42875954701085,7.038
Canada,CAN,2017,1649265644244.09,1.59688412852977,6.426
Canada,CAN,2018,1725329192783.02,2.26822567248103,5.837
Canada,CAN,2019,1743725183672.52,1.94926902411593,5.69
Canada,CAN,2020,1655684730000.19,0.716999632307827,9.657
Canada,CAN,2021,2007472181464.15,3.39519318527528,7.527
Canada,CAN,2022,2161483369422.01,6.80280115341613,5.279
Canada,CAN,2023,2142470914401.36,3.87900159788426,5.415
China,CHN,1974,144188970821.072,,
China,CHN,1975,163429530659.638,,
China,CHN,1976,153939265947.775,,
China,CHN,1977,174935933078.663,,
China,CHN,1978,149540752829.268,,
China,CHN,1979,178280594413.043,,
China,CHN,1980,191149211575.0,,
China,CHN,1981,195866382432.54,,
China,CHN,1982,205089699858.779,,
China,CHN,1983,230686747153.257,,
China,CHN,1984,259946510957.143,,
China,CHN,1985,309488028132.653,,
China,CHN,1986,300758100107.246,,
China,CHN,1987,272972974764.574,7.23383553065609,
China,CHN,1988,312353631207.819,18.8118179448753,
China,CHN,1989,347768051311.741,18.2456383621648,
China,CHN,1990,360857912565.966,3.05229012075233,
China,CHN,1991,383373318083.624,3.55668565220452,2.37
China,CHN,1992,426915712715.856,6.35398134024869,2.37
China,CHN,1993,444731282435.515,14.6100786356602,2.69
China,CHN,1994,564321854521.013,24.2569897243361,2.9
China,CHN,1995,734484834573.582,16.7912251650916,3.0
China,CHN,1996,863749314718.538,8.31316028893909,3.12
China,CHN,1997,961601980984.623,2.78646505531882,3.23
China,CHN,1998,1029060747620.65,-0.773186011549318,3.24
China,CHN,1999,1094003874937.34,-1.40147268276465,3.25
China,CHN,2000,1211331651866.09,0.347811226864587,3.26
China,CHN,2001,1339400897105.11,0.719125609120114,3.8
China,CHN,2002,1470557654799.95,-0.731970902350244,4.24
China,CHN,2003,1660280543846.79,1.12760348729637,4.58
China,CHN,2004,1955346768721.39,3.82463743108159,4.49
China,CHN,2005,2285961149879.85,1.77641407667571,4.52
China,CHN,2006,2752118657184.02,1.6494309945586,4.43
China,CHN,2007,3550327802998.4,4.81676767378834,4.35
China,CHN,2008,4594336785737.67,5.92525137041092,4.59
China,CHN,2009,5101691124285.21,-0.728165250932898,4.72
China,CHN,2010,6087191746679.49,3.17532475269199,4.53
China,CHN,2011,7551545703440.75,5.55389892257493,4.55
China,CHN,2012,8532185381680.59,2.61952432645541,4.58
China,CHN,2013,9570471111831.68,2.62105001748115,4.6
China,CHN,2014,10475624944355.2,1.92164162788521,4.63
China,CHN,2015,11061572618578.7,1.43702380935655,4.65
China,CHN,2016,11233313730348.7,2.00000182191943,4.56
China,CHN,2017,12310491333980.9,1.59313600071436,4.47
China,CHN,2018,13894907857880.6,2.07479039965576,4.31
China,CHN,2019,14279968506271.7,2.89923416358227,4.56
China,CHN,2020,14687744162801.0,2.41942189457782,5.0
China,CHN,2021,17820459508852.2,0.981015135544882,4.55
China,CHN,2022,17881782683707.3,1.97357555739051,4.98
China,CHN,2023,17794783039552.0,0.234836828893051,4.67
France,FRA,1974,283102178123.295,13.6493174728139,
France,FRA,1975,356780728162.766,11.6859272493228,
France,FRA,1976,368488292816.171,9.62549578155529,
France,FRA,1977,406736454934.474,9.49455467190434,
France,FRA,1978,501724418604.651,9.2505584672443,
France,FRA,1979,608218624730.188,10.6467341716664,
France,FRA,1980,694529183483.39,13.5625788483016,
France,FRA,1981,609184791792.396,13.3144055680071,
France,FRA,1982,578152310609.841,11.9784719523806,
France,FRA,1983,553356312935.709,9.45954847235318,
France,FRA,1984,525033325827.516,7.67380262247321,
France,FRA,1985,547220981165.134,5.83109973854516,
France,FRA,1986,764946585850.933,2.53852591781417,
France,FRA,1987,926320855614.973,3.28889821400133,
France,FRA,1988,1010827662151.75,2.70081527508113,
France,FRA,1989,1016742237302.08,3.49830220700749,
France,FRA,1990,1257649439826.53,3.19428338029475,
France,FRA,1991,1258961748633.88,3.21340732409687,9.134
France,FRA,1992,1389663073110.28,2.36376046269353,10.203
France,FRA,1993,1314383368079.69,2.10446277124644,11.32
France,FRA,1994,1385822778827.98,1.65551532926993,12.593
France,FRA,1995,1595219345511.89,1.79648142095595,11.834
France,FRA,1996,1598889216566.23,1.98288365089738,12.367
France,FRA,1997,1449392222971.45,1.20394294026962,12.566
France,FRA,1998,1496906382032.47,0.651126867833049,12.074
France,FRA,1999,1486915879701.93,0.537141639134645,11.981
France,FRA,2000,1360959069477.49,1.67595988720927,10.218
France,FRA,2001,1370376677298.86,1.63478079549601,8.61
France,FRA,2002,1492427756382.43,1.9234122872706,8.702
France,FRA,2003,1835095983049.09,2.09847219146923,8.306
France,FRA,2004,2109792297237.03,2.14208964640241,8.914
France,FRA,2005,2192146403028.17,1.74586936380482,8.882
France,FRA,2006,2317861544690.82,1.67512449608723,8.832
France,FRA,2007,2655816911866.56,1.4879980595386,8.008
France,FRA,2008,2926802941585.86,2.81286194914787,7.386
France,FRA,2009,2700075882518.98,0.0876204781574552,9.122
France,FRA,2010,2646230027988.34,1.53112270420926,9.279
France,FRA,2011,2870408553990.28,2.11159795174994,9.228
France,FRA,2012,2683007095787.23,1.9541953161351,9.841
France,FRA,2013,2816077607875.26,0.863715497861805,9.913
France,FRA,2014,2861236112552.42,0.50775882293799,10.273
France,FRA,2015,2442483452642.5,0.0375143805125182,10.354
France,FRA,2016,2470407619777.13,0.18333486112386,10.057
France,FRA,2017,2588868323334.71,1.03228275064662,9.409
France,FRA,2018,2781576320884.39,1.85081508315502,9.018
France,FRA,2019,2722793515171.76,1.10825492288294,8.415
France,FRA,2020,2647926055110.05,0.476498852725066,8.009
France,FRA,2021,2966433692008.09,1.64233141038385,7.874
France,FRA,2022,2796302210398.84,5.22236748369735,7.308
France,FRA,2023,3051831611384.76,4.87835726508441,7.335
Germany,DEU,1974,446934971657.471,6.98643109327497,
Germany,DEU,1975,492434094920.105,5.91033626324104,
Germany,DEU,1976,521658712132.981,4.24663102299209,
Germany,DEU,1977,602698323085.993,3.73416240635147,
Germany,DEU,1978,743182891918.208,2.71869696123339,
Germany,DEU,1979,884574218333.155,4.04362006473399,
Germany,DEU,1980,953772499462.019,5.44105754460347,
Germany,DEU,1981,803404797057.551,6.34424277746325,
Germany,DEU,1982,779421633755.138,5.24104507228422,
Germany,DEU,1983,773507930294.906,3.29341474302854,
Germany,DEU,1984,727767760978.627,2.4057933993196,
Germany,DEU,1985,735218723093.277,2.0662330121658,
Germany,DEU,1986,1050092624515.9,-0.129413360854742,
Germany,DEU,1987,1302932318824.81,0.24990610870503,
Germany,DEU,1988,1406367016371.53,1.27411894006923,
Germany,DEU,1989,1404092925205.45,2.78056955569751,
Germany,DEU,1990,1778162195860.07,2.69646824292392,
Germany,DEU,1991,1875792575132.59,4.04703259753466,5.316
Germany,DEU,1992,2141377582968.07,5.05697796731731,6.323
Germany,DEU,1993,2078954217437.6,4.47457650752808,7.675
Germany,DEU,1994,2215282632276.73,2.69305639854954,8.727
Germany,DEU,1995,2593053091306.13,1.70616041317076,8.158
Germany,DEU,1996,2506576553158.31,1.44972701963239,8.822
Germany,DEU,1997,2218790886532.82,1.93937198922729,9.861
Germany,DEU,1998,2247760364565.97,0.911183535014403,9.787
Germany,DEU,1999,2213873468586.88,0.585433064230783,8.854
Germany,DEU,2000,1966980701145.1,1.44026838719741,7.917
Germany,DEU,2001,1966381496641.73,1.98385731334471,7.773
Germany,DEU,2002,2102350798305.89,1.42080615551526,8.482
Germany,DEU,2003,2534715518349.01,1.03422218628562,9.779
Germany,DEU,2004,2852317768061.78,1.66573696655992,10.727
Germany,DEU,2005,2893393187361.87,1.54691114751328,11.193
Germany,DEU,2006,3046308753670.58,1.57742642840563,10.277
Germany,DEU,2007,3484056680854.91,2.29834400700951,8.732
Germany,DEU,2008,3808786022312.5,2.62837981637219,7.508
Germany,DEU,2009,3479800820863.28,0.312739007368447,7.88
Germany,DEU,2010,3468154343000.01,1.1038103778926,7.043
Germany,DEU,2011,3824828563521.41,2.07517283735874,5.967
Germany,DEU,2012,3597896500945.31,2.00848884782956,5.372
Germany,DEU,2013,3808086291482.36,1.50472330251876,5.316
Germany,DEU,2014,3965800686309.79,0.906794000434246,4.979
Germany,DEU,2015,3423568450957.03,0.514426137125456,4.612
Germany,DEU,2016,3537784107980.55,0.491747008445174,4.104
Germany,DEU,2017,3763092263752.95,1.50949485109628,3.781
Germany,DEU,2018,4052008447223.53,1.73216879766942,3.384
Germany,DEU,2019,3957208055215.68,1.44565976888253,3.163
Germany,DEU,2020,3940142541354.1,0.144877925813982,3.881
Germany,DEU,2021,4348297440387.53,3.06666666666673,3.594
Germany,DEU,2022,4163596357879.39,6.87257438551097,3.12
Germany,DEU,2023,4525703903627.53,5.94643667725823,3.068
India,IND,1974,99526597933.6331,28.598734077509,
India,IND,1975,98473832017.3242,5.74843029767437,
India,IND,1976,102716451979.68,-7.63394763392882,
India,IND,1977,121486641441.309,8.30747009171166,
India,IND,1978,137302319828.995,2.5230487569518,
India,IND,1979,152995442497.709,6.27568336762335,
India,IND,1980,186328579302.068,11.3460734795095,
India,IND,1981,193491368445.573,13.112546897642,
India,IND,1982,200715624830.902,7.89074279377487,
India,IND,1983,218262146413.158,11.8680812986734,
India,IND,1984,212157645177.652,8.3189071186008,
India,IND,1985,232511554840.372,5.55642423236554,
India,IND,1986,248985994040.59,8.72972072702581,
India,IND,1987,279033584092.223,8.80112581251833,
India,IND,1988,296589670895.932,9.38347186185335,
India,IND,1989,296042052944.66,7.07428002942301,
India,IND,1990,320979026420.035,8.9712325027325,
India,IND,1991,270105341879.226,13.8702461773683,7.722
India,IND,1992,288208070278.013,11.7878170418134,7.733
India,IND,1993,279295648982.529,6.32689048779867,7.75
India,IND,1994,327274843459.429,10.2479355556119,7.645
India,IND,1995,360281909643.489,10.2248861637544,7.608
India,IND,1996,392896866204.516,8.97715233826453,7.558
India,IND,1997,415867563592.829,7.16425211462724,7.61
India,IND,1998,421351317224.941,13.2308389767977,7.639
India,IND,1999,458821052615.79,4.66982038037594,7.617
India,IND,2000,468395521654.458,4.0094359104519,7.624
India,IND,2001,485440139204.171,3.77929312235637,7.653
India,IND,2002,514939140318.756,4.29715203929563,7.753
India,IND,2003,607700687237.318,3.80585899528851,7.68
India,IND,2004,709152728830.775,3.76725173477515,7.625
India,IND,2005,820383763511.445,4.24634362031922,7.552
India,IND,2006,940259888787.721,5.79652337561634,7.552
India,IND,2007,1216736438834.96,6.37288135593231,7.561
India,IND,2008,1198895139005.92,8.34926704907581,7.656
India,IND,2009,1341888016994.9,10.8823529411764,7.664
India,IND,2010,1675615519484.96,11.9893899204244,7.652
India,IND,2011,1823051829894.55,8.91179336483371,7.616
India,IND,2012,1827637590410.41,9.47899691419801,7.666
India,IND,2013,1856721507621.58,10.0178784746102,7.711
India,IND,2014,2039126479154.52,6.66565671867899,7.674
India,IND,2015,2103588360044.94,4.90697344127256,7.631
India,IND,2016,2294796885663.16,4.94821634062141,7.601
India,IND,2017,2651474262755.45,3.32817337461298,7.618
India,IND,2018,2702929641648.74,3.9388264669163,7.652
India,IND,2019,2835606256558.19,3.72950573539129,6.51
India,IND,2020,2674851578587.27,6.62343677628535,7.859
India,IND,2021,3167270623260.47,5.13140747176369,6.38
India,IND,2022,3353470496886.33,6.69903414079852,4.822
India,IND,2023,3567551674623.01,5.64914318907925,4.172
Japan,JPN,1974,490035789970.299,23.2222458076842,
Japan,JPN,1975,532861438884.724,11.7312661498708,
Japan,JPN,1976,598883902155.605,9.37403638606234,
Japan,JPN,1977,737069290927.712,8.16182689596842,
Japan,JPN,1978,1035611588216.59,4.20956601068681,
Japan,JPN,1979,1077910077676.37,3.70185092546269,
Japan,JPN,1980,1129377244854.04,7.77858176555718,
Japan,JPN,1981,1245221410764.15,4.91216291820523,
Japan,JPN,1982,1158731426905.85,2.7410409556314,
Japan,JPN,1983,1270859919742.9,1.89971971348485,
Japan,JPN,1984,1345824500836.76,2.26161369193155,
Japan,JPN,1985,1427019759717.41,2.0322773460849,
Japan,JPN,1986,2120083812109.91,0.595586799453249,
Japan,JPN,1987,2580748422781.09,0.126176841696583,
Japan,JPN,1988,3125724434400.79,0.678557580457558,
Japan,JPN,1989,3109455047823.93,2.27228962064317,
Japan,JPN,1990,3185904656663.85,3.0785162869516,
Japan,JPN,1991,3648065760648.88,3.25143848753308,2.059
Japan,JPN,1992,3980702922117.66,1.7602830605927,2.158
Japan,JPN,1993,4536940479038.25,1.24304589707924,2.539
Japan,JPN,1994,4998797547740.97,0.695458057869004,2.89
Japan,JPN,1995,5545563663889.7,-0.127899045020446,3.15
Japan,JPN,1996,4923391533851.63,0.136600358575909,3.383
Japan,JPN,1997,4492448605638.94,1.74780458692133,3.374
Japan,JPN,1998,4098362709531.24,0.661974191385911,4.078
Japan,JPN,1999,4635982224063.88,-0.341296928327554,4.677
Japan,JPN,2000,4968359075956.59,-0.676578683595175,4.748
Japan,JPN,2001,4374711694090.87,-0.740055504162738,5.02
Japan,JPN,2002,4182846045873.61,-0.923494026942321,5.386
Japan,JPN,2003,4519561645253.53,-0.256541816316025,5.251
Japan,JPN,2004,4893116005656.56,-0.00857338820310272,4.734
Japan,JPN,2005,4831467035389.8,-0.282946068764391,4.446
Japan,JPN,2006,4601663122649.92,0.249355116079085,4.192
Japan,JPN,2007,4579750920354.81,0.060039454498669,3.888
Japan,JPN,2008,5106679115127.3,1.3800788616492,4.002
Japan,JPN,2009,5289493117993.89,-1.35283672951719,5.068
Japan,JPN,2010,5759071769013.11,-0.728243207517779,5.102
Japan,JPN,2011,6233147172341.35,-0.27245561610124,4.55
Japan,JPN,2012,6272362996105.03,-0.0440645104432602,4.358
Japan,JPN,2013,5212328181166.18,0.335037912184741,4.038
Japan,JPN,2014,4896994405353.29,2.75922671353253,3.589
Japan,JPN,2015,4444930651964.18,0.795279630579839,3.385
Japan,JPN,2016,5003677627544.24,-0.127258844489754,3.132
Japan,JPN,2017,4930837369151.42,0.484199796126385,2.822
Japan,JPN,2018,5040880939324.86,0.989094598021848,2.467
Japan,JPN,2019,5117993853016.51,0.46877615938395,2.351
Japan,JPN,2020,5055587093501.59,-0.024995834027731,2.809
Japan,JPN,2021,5034620784584.98,-0.233352779398264,2.828
Japan,JPN,2022,4256410760723.75,2.49770278172255,2.6
Japan,JPN,2023,4204494802431.55,3.26813365933163,2.6
United Kingdom,GBR,1974,206131369798.971,16.0440111889861,
United Kingdom,GBR,1975,241756637168.142,24.2072876743291,
United Kingdom,GBR,1976,232614555256.065,16.5595225588084,
United Kingdom,GBR,1977,263066457352.172,15.8402667458768,
United Kingdom,GBR,1978,335883029721.956,8.26314103860768,
United Kingdom,GBR,1979,438994070309.191,13.4212799774012,
United Kingdom,GBR,1980,564947710899.373,17.9659242656857,
United Kingdom,GBR,1981,540765675241.158,11.8766265142296,
United Kingdom,GBR,1982,515048916841.37,8.59886383332186,
United Kingdom,GBR,1983,489618008185.539,4.60930327269779,
United Kingdom,GBR,1984,461487097632.349,4.96071097821927,
United Kingdom,GBR,1985,489285164271.047,6.07139434015119,
United Kingdom,GBR,1986,601452653180.885,3.42760940369314,
United Kingdom,GBR,1987,745162608269.325,4.14892232052945,
United Kingdom,GBR,1988,910122732123.799,4.15535171583102,
United Kingdom,GBR,1989,926884816753.927,5.76024909185262,
United Kingdom,GBR,1990,1093169389204.55,8.06346090938833,
United Kingdom,GBR,1991,1142797178130.51,7.46178295746934,8.55
United Kingdom,GBR,1992,1179659529659.53,4.59154929577461,9.772
United Kingdom,GBR,1993,1061388722255.55,2.55857796929705,10.346
United Kingdom,GBR,1994,1140489745944.29,2.21901260504205,9.648
United Kingdom,GBR,1995,1344240176739.78,2.69749518304432,8.694
United Kingdom,GBR,1996,1419645865834.63,2.85178236397749,8.189
United Kingdom,GBR,1997,1560911918795.02,2.20114313510882,7.072
United Kingdom,GBR,1998,1653694932096.72,1.82056163731557,6.198
United Kingdom,GBR,1999,1687830448147.55,1.7529508005142,6.042
United Kingdom,GBR,2000,1665534876683.31,1.18295624210408,5.558
United Kingdom,GBR,2001,1649827263567.01,1.53234960272418,4.696
United Kingdom,GBR,2002,1785729916067.15,1.52040245947455,5.037
United Kingdom,GBR,2003,2054422857142.86,1.37650038542013,4.807
United Kingdom,GBR,2004,2421525082387.4,1.39039756680422,4.594
United Kingdom,GBR,2005,2543180000000.0,2.0891364902507,4.835
United Kingdom,GBR,2006,2708441582336.71,2.4556616643929,5.411
United Kingdom,GBR,2007,3090510204081.63,2.38656150773327,5.342
United Kingdom,GBR,2008,2929411764705.88,3.52140856342539,5.705
United Kingdom,GBR,2009,2412840006231.5,1.96173173560109,7.627
United Kingdom,GBR,2010,2485482596184.71,2.49265472467065,7.924
United Kingdom,GBR,2011,2663805834828.07,3.8561124468282,8.169
United Kingdom,GBR,2012,2707089726614.64,2.5732347965453,8.25
United Kingdom,GBR,2013,2784853502534.29,2.29166666666659,7.704
United Kingdom,GBR,2014,3064708247921.43,1.45112016293279,6.363
United Kingdom,GBR,2015,2927911140916.73,0.36804684232536,5.517
United Kingdom,GBR,2016,2689106566899.61,1.0084173681141,4.867
United Kingdom,GBR,2017,2680148052335.3,2.55775577557747,4.452
United Kingdom,GBR,2018,2871340347581.79,2.29283990345938,4.12
United Kingdom,GBR,2019,2851407164907.81,1.73810460086513,3.613
United Kingdom,GBR,2020,2696778386607.65,0.989486703772491,4.472
United Kingdom,GBR,2021,3143323050707.26,2.51837109614213,4.826
United Kingdom,GBR,2022,3114042471144.39,7.92204883147902,3.73
United Kingdom,GBR,2023,3380854520809.54,6.79396706793963,3.984
United States,USA,1974,1545243000000.0,11.0548048048048,
United States,USA,1975,1684904000000.0,9.14314686496535,
United States,USA,1976,1873412000000.0,5.74481263549085,
United States,USA,1977,2081826000000.0,6.5016839947284,
United States,USA,1978,2351599000000.0,7.63096383885606,
United States,USA,1979,2627333000000.0,11.2544711292795,
United States,USA,1980,2857307000000.0,13.5492019749684,
United States,USA,1981,3207041000000.0,10.3347153402771,
United States,USA,1982,3343789000000.0,6.13142700027493,
United States,USA,1983,3634038000000.0,3.21243523316065,
United States,USA,1984,4037613000000.0,4.30053547523429,
United States,USA,1985,4338979000000.0,3.54564415209365,
United States,USA,1986,4579631000000.0,1.89804772234276,
United States,USA,1987,4855215000000.0,3.6645632175169,
United States,USA,1988,5236438000000.0,4.07774110744413,
United States,USA,1989,5641580000000.0,4.82700303008944,
United States,USA,1990,5963144000000.0,5.39795643990325,
United States,USA,1991,6158129000000.0,4.23496396453849,6.8
United States,USA,1992,6520327000000.0,3.02881967814969,7.5
United States,USA,1993,6858559000000.0,2.95165696638559,6.9
United States,USA,1994,7287236000000.0,2.60744159215453,6.119
United States,USA,1995,7639749000000.0,2.80541968853662,5.65
United States,USA,1996,8073122000000.0,2.93120419993441,5.451
United States,USA,1997,8577552000000.0,2.33768993730735,5.0
United States,USA,1998,9062817000000.0,1.55227909874364,4.511
United States,USA,1999,9631172000000.0,2.18802719697358,4.219
United States,USA,2000,10250952000000.0,3.37685727149929,3.992
United States,USA,2001,10581929000000.0,2.82617111885407,4.731
United States,USA,2002,10929108000000.0,1.58603162650601,5.783
United States,USA,2003,11456450000000.0,2.27009497336115,5.989
United States,USA,2004,12217196000000.0,2.67723669309172,5.529
United States,USA,2005,13039197000000.0,3.3927468454955,5.084
United States,USA,2006,13815583000000.0,3.22594410070404,4.623
United States,USA,2007,14474228000000.0,2.85267248150138,4.622
United States,USA,2008,14769862000000.0,3.839100296651,5.784
United States,USA,2009,14478067000000.0,-0.355546266299747,9.254
United States,USA,2010,15048971000000.0,1.6400434423899,9.633
United States,USA,2011,15599732000000.0,3.156841568622,8.949
United States,USA,2012,16253970000000.0,2.06933726526067,8.069
United States,USA,2013,16880683000000.0,1.46483265562717,7.375
United States,USA,2014,17608138000000.0,1.62222297740817,6.168
United States,USA,2015,18295019000000.0,0.118627135552451,5.28
United States,USA,2016,18804913000000.0,1.26158320570536,4.869
United States,USA,2017,19612102000000.0,2.13011000365961,4.355
United States,USA,2018,20656516000000.0,2.44258329692817,3.896
United States,USA,2019,21539982000000.0,1.81221007526021,3.669
United States,USA,2020,21354105000000.0,1.23358439630629,8.055
United States,USA,2021,23681171000000.0,4.69785886363742,5.349
United States,USA,2022,26006893000000.0,8.00279982052121,3.65
United States,USA,2023,27720709000000.0,4.11633838374488,3.638
